{"lr": 0.0014864729458917828, "data_time": 1.1528935194015504, "loss": 2.659106526374817, "loss_cls": 1.9569143509864808, "loss_bbox": 0.7021921968460083, "time": 1.8774903774261475, "epoch": 1, "iter": 50, "memory": 5242, "step": 50}
{"lr": 0.0029879759519038057, "data_time": 1.1191007137298583, "loss": 2.700066728591919, "loss_cls": 1.9213655304908752, "loss_bbox": 0.7787011969089508, "time": 1.3389350843429566, "epoch": 1, "iter": 100, "memory": 3938, "step": 100}
{"lr": 0.004489478957915832, "data_time": 1.137381672859192, "loss": 2.885728325843811, "loss_cls": 2.049858651161194, "loss_bbox": 0.8358696758747101, "time": 1.3587112903594971, "epoch": 1, "iter": 150, "memory": 3938, "step": 150}
{"lr": 0.00599098196392785, "data_time": 1.1788410139083862, "loss": 2.8952854824066163, "loss_cls": 2.052983572483063, "loss_bbox": 0.8423019206523895, "time": 1.4044761085510253, "epoch": 1, "iter": 200, "memory": 3938, "step": 200}
{"lr": 0.007492484969939873, "data_time": 1.4112581825256347, "loss": 2.960159697532654, "loss_cls": 2.033648684024811, "loss_bbox": 0.9265110230445862, "time": 1.6319418954849243, "epoch": 1, "iter": 250, "memory": 3938, "step": 250}
{"lr": 0.00899398797595189, "data_time": 1.2559635734558106, "loss": 2.91170072555542, "loss_cls": 1.9917716979980469, "loss_bbox": 0.9199290001392364, "time": 1.4827288579940796, "epoch": 1, "iter": 300, "memory": 3938, "step": 300}
{"lr": 0.010495490981963911, "data_time": 1.3282933664321899, "loss": 3.030666723251343, "loss_cls": 2.0786590361595154, "loss_bbox": 0.9520076727867126, "time": 1.5517078590393067, "epoch": 1, "iter": 350, "memory": 3938, "step": 350}
{"lr": 0.01199699398797593, "data_time": 1.2362564182281495, "loss": 2.979733204841614, "loss_cls": 2.048635139465332, "loss_bbox": 0.9310980582237244, "time": 1.4586904573440551, "epoch": 1, "iter": 400, "memory": 3938, "step": 400}
{"lr": 0.013498496993987958, "data_time": 1.3911232233047486, "loss": 2.999008984565735, "loss_cls": 2.0515474033355714, "loss_bbox": 0.947461576461792, "time": 1.610721116065979, "epoch": 1, "iter": 450, "memory": 3938, "step": 450}
{"lr": 0.014999999999999979, "data_time": 1.4867850017547608, "loss": 3.0364673709869385, "loss_cls": 2.082663357257843, "loss_bbox": 0.953804007768631, "time": 1.705619969367981, "epoch": 1, "iter": 500, "memory": 3938, "step": 500}
{"lr": 0.014999999999999979, "data_time": 3.663297300338745, "loss": 2.850683374404907, "loss_cls": 1.9902749538421631, "loss_bbox": 0.8604084074497222, "time": 3.88435031414032, "epoch": 1, "iter": 550, "memory": 3938, "step": 550}
{"lr": 0.014999999999999979, "data_time": 3.485145969390869, "loss": 2.7995400714874266, "loss_cls": 1.9269454336166383, "loss_bbox": 0.8725946235656739, "time": 3.8450359582901, "epoch": 1, "iter": 600, "memory": 3938, "step": 600}
{"lr": 0.014999999999999979, "data_time": 1.5790857315063476, "loss": 2.758565011024475, "loss_cls": 1.9028788352012633, "loss_bbox": 0.8556861770153046, "time": 1.8048785734176636, "epoch": 1, "iter": 650, "memory": 3938, "step": 650}
{"lr": 0.014999999999999979, "data_time": 1.3388352584838867, "loss": 2.72625394821167, "loss_cls": 1.917995035648346, "loss_bbox": 0.808258917927742, "time": 1.5624039220809935, "epoch": 1, "iter": 700, "memory": 3938, "step": 700}
{"lr": 0.014999999999999979, "data_time": 4.839549069404602, "loss": 2.5982905578613282, "loss_cls": 1.8253959441184997, "loss_bbox": 0.7728946149349213, "time": 5.066130862236023, "epoch": 1, "iter": 750, "memory": 3938, "step": 750}
{"lr": 0.014999999999999979, "data_time": 2.489325442314148, "loss": 2.653029351234436, "loss_cls": 1.8774478101730347, "loss_bbox": 0.7755815410614013, "time": 2.80950891494751, "epoch": 1, "iter": 800, "memory": 3938, "step": 800}
{"lr": 0.014999999999999979, "data_time": 2.76483736038208, "loss": 2.5583016157150267, "loss_cls": 1.7890586566925049, "loss_bbox": 0.7692429536581039, "time": 4.380886788368225, "epoch": 1, "iter": 850, "memory": 3938, "step": 850}
{"lr": 0.014999999999999979, "data_time": 3.6077021884918214, "loss": 2.480061936378479, "loss_cls": 1.7382612371444701, "loss_bbox": 0.7418006986379624, "time": 4.69283019065857, "epoch": 1, "iter": 900, "memory": 3938, "step": 900}
{"lr": 0.014999999999999979, "data_time": 5.308066034317017, "loss": 2.493866002559662, "loss_cls": 1.7682296228408814, "loss_bbox": 0.7256363672018051, "time": 5.833570151329041, "epoch": 1, "iter": 950, "memory": 3938, "step": 950}
{"lr": 0.014999999999999979, "data_time": 2.5135625791549683, "loss": 2.449041175842285, "loss_cls": 1.740876679420471, "loss_bbox": 0.7081644982099533, "time": 2.7383198404312132, "epoch": 1, "iter": 1000, "memory": 3938, "step": 1000}
{"lr": 0.014999999999999979, "data_time": 2.4290583658218385, "loss": 2.422894651889801, "loss_cls": 1.733509373664856, "loss_bbox": 0.6893852645158768, "time": 2.661258087158203, "epoch": 1, "iter": 1050, "memory": 3938, "step": 1050}
{"lr": 0.014999999999999979, "data_time": 2.9814145040512083, "loss": 2.4695833039283754, "loss_cls": 1.7613516759872436, "loss_bbox": 0.7082316303253173, "time": 3.317319402694702, "epoch": 1, "iter": 1100, "memory": 3938, "step": 1100}
{"lr": 0.014999999999999979, "data_time": 2.362437434196472, "loss": 2.37137460231781, "loss_cls": 1.6804919528961182, "loss_bbox": 0.6908826512098313, "time": 2.586026120185852, "epoch": 1, "iter": 1150, "memory": 3938, "step": 1150}
{"lr": 0.014999999999999979, "data_time": 1.2274610090255738, "loss": 2.3662798261642455, "loss_cls": 1.6975538945198059, "loss_bbox": 0.6687259322404862, "time": 1.4483763122558593, "epoch": 1, "iter": 1200, "memory": 3938, "step": 1200}
{"lr": 0.014999999999999979, "data_time": 1.1423082399368285, "loss": 2.3687131571769715, "loss_cls": 1.668351502418518, "loss_bbox": 0.700361646413803, "time": 1.3650948476791382, "epoch": 1, "iter": 1250, "memory": 3938, "step": 1250}
{"lr": 0.014999999999999979, "data_time": 1.1404128789901733, "loss": 2.357613091468811, "loss_cls": 1.6710555171966552, "loss_bbox": 0.6865575814247131, "time": 1.3634779262542724, "epoch": 1, "iter": 1300, "memory": 3938, "step": 1300}
{"lr": 0.014999999999999979, "data_time": 1.0497738790512086, "loss": 2.3882744097709656, "loss_cls": 1.7048653054237366, "loss_bbox": 0.6834091091156006, "time": 1.267466254234314, "epoch": 1, "iter": 1350, "memory": 3938, "step": 1350}
{"lr": 0.014999999999999979, "data_time": 1.0420313215255737, "loss": 2.2716983723640443, "loss_cls": 1.6222394275665284, "loss_bbox": 0.6494589364528656, "time": 1.2611511611938477, "epoch": 1, "iter": 1400, "memory": 3938, "step": 1400}
{"lr": 0.014999999999999979, "data_time": 1.0751107835769653, "loss": 2.3289397668838503, "loss_cls": 1.6663507056236266, "loss_bbox": 0.6625890576839447, "time": 1.2940180206298828, "epoch": 1, "iter": 1450, "memory": 3938, "step": 1450}
{"lr": 0.014999999999999979, "data_time": 0.9296235132217407, "loss": 2.2825443148612976, "loss_cls": 1.6317801618576049, "loss_bbox": 0.6507641732692718, "time": 1.151237931251526, "epoch": 1, "iter": 1500, "memory": 3938, "step": 1500}
{"lr": 0.014999999999999979, "data_time": 1.1630843591690063, "loss": 2.2190296459198, "loss_cls": 1.6141990089416505, "loss_bbox": 0.6048306429386139, "time": 1.3811081409454347, "epoch": 1, "iter": 1550, "memory": 3938, "step": 1550}
{"lr": 0.014999999999999979, "data_time": 1.0435570287704468, "loss": 2.244213740825653, "loss_cls": 1.6312979817390443, "loss_bbox": 0.612915735244751, "time": 1.2672327756881714, "epoch": 1, "iter": 1600, "memory": 3938, "step": 1600}
{"lr": 0.014999999999999979, "data_time": 0.9838778066635132, "loss": 2.120768804550171, "loss_cls": 1.5353518199920655, "loss_bbox": 0.5854169827699661, "time": 1.2013037586212159, "epoch": 1, "iter": 1650, "memory": 3938, "step": 1650}
{"lr": 0.014999999999999979, "data_time": 1.0895581340789795, "loss": 2.211287786960602, "loss_cls": 1.5940779232978821, "loss_bbox": 0.6172098833322525, "time": 1.3135563611984253, "epoch": 1, "iter": 1700,