{"lr": 0.0014864729458917828, "data_time": 1.5430290412902832, "loss": 2.6978616094589234, "loss_cls": 1.9877420043945313, "loss_bbox": 0.7101196354627609, "time": 2.2664229106903075, "epoch": 1, "iter": 50, "memory": 5242, "step": 50}
{"lr": 0.0029879759519038057, "data_time": 1.907810754776001, "loss": 2.6588674855232237, "loss_cls": 1.9084397268295288, "loss_bbox": 0.750427765250206, "time": 2.152252588272095, "epoch": 1, "iter": 100, "memory": 3938, "step": 100}
